Workbook

Sheet CSV假資料 (3)
A1: LocationCity | B1: LocationDistrict | C1: Type | D1: Rent | E1: Rooms | F1: Bathrooms | G1: IsNearMRT | H1: IsNewlyListed | I1: AllowsPets | J1: ShortTermRent | K1: BuildingType | L1: SizePing | M1: Floor | N1: TotalFloors | O1: HasAC | P1: HasWasher | Q1: HasFridge | R1: HasWaterHeater | S1: HasGas | T1: HasInternet | U1: HasBed | V1: HasParking | W1: HasElevator | X1: HasBalcony | Y1: 是否齊全設備
A2: 台北市 | B2: 大安區 | C2: 獨立套房 | D2: 12000 | E2: 1 | F2: 1 | G2: TRUE | H2: TRUE | I2: FALSE | J2: FALSE | K2: 電梯大樓 | L2: 8.5 | M2: 5 | N2: 12 | O2: TRUE | P2: TRUE | Q2: TRUE | R2: TRUE | S2: TRUE | T2: TRUE | U2: TRUE | V2: FALSE | W2: TRUE | X2: TRUE | Y2: {=IF((COUNTIF(CSV假資料__3[[#This Row],[HasAC]:[HasWaterHeater]],"FALSE")+COUTIF(CSV假資料__3[[#This Row],[HasInternet]],"FALSE"))=0,TRUE,FALSE)} -> #NAME?
A3: 台北市 | B3: 信義區 | C3: 整層住家 | D3: 35000 | E3: 3 | F3: 2 | G3: TRUE | H3: FALSE | I3: TRUE | J3: FALSE | K3: 公寓 | L3: 28 | M3: 3 | N3: 5 | O3: TRUE | P3: TRUE | Q3: TRUE | R3: TRUE | S3: TRUE | T3: TRUE | U3: FALSE | V3: FALSE | W3: FALSE | X3: TRUE | Y3: {=IF((COUNTIF(CSV假資料__3[[#This Row],[HasAC]:[HasWaterHeater]],"FALSE")+COUTIF(CSV假資料__3[[#This Row],[HasInternet]],"FALSE"))=0,TRUE,FALSE)} -> #NAME?
A4: 台北市 | B4: 中山區 | C4: 分租套房 | D4: 8000 | E4: 1 | F4: 1 | G4: TRUE | H4: FALSE | I4: FALSE | J4: TRUE | K4: 電梯大樓 | L4: 6 | M4: 7 | N4: 10 | O4: TRUE | P4: FALSE | Q4: TRUE | R4: TRUE | S4: FALSE | T4: TRUE | U4: TRUE | V4: FALSE | W4: TRUE | X4: FALSE | Y4: {=IF((COUNTIF(CSV假資料__3[[#This Row],[HasAC]:[HasWaterHeater]],"FALSE")+COUTIF(CSV假資料__3[[#This Row],[HasInternet]],"FALSE"))=0,TRUE,FALSE)} -> #NAME?
A5: 台北市 | B5: 松山區 | C5: 雅房 | D5: 5500 | E5: 1 | F5: 0 | G5: FALSE | H5: TRUE | I5: FALSE | J5: FALSE | K5: 公寓 | L5: 4.5 | M5: 2 | N5: 4 | O5: TRUE | P5: FALSE | Q5: FALSE | R5: TRUE | S5: TRUE | T5: TRUE | U5: TRUE | V5: FALSE | W5: FALSE | X5: FALSE | Y5: {=IF((COUNTIF(CSV假資料__3[[#This Row],[HasAC]:[HasWaterHeater]],"FALSE")+COUTIF(CSV假資料__3[[#This Row],[HasInternet]],"FALSE"))=0,TRUE,FALSE)} -> #NAME?
A6: 台北市 | B6: 中正區 | C6: 整層住家 | D6: 28000 | E6: 2 | F6: 1 | G6: TRUE | H6: FALSE | I6: TRUE | J6: FALSE | K6: 電梯大樓 | L6: 18 | M6: 8 | N6: 15 | O6: TRUE | P6: TRUE | Q6: TRUE | R6: TRUE | S6: TRUE | T6: TRUE | U6: FALSE | V6: TRUE | W6: TRUE | X6: TRUE | Y6: {=IF((COUNTIF(CSV假資料__3[[#This Row],[HasAC]:[HasWaterHeater]],"FALSE")+COUTIF(CSV假資料__3[[#This Row],[HasInternet]],"FALSE"))=0,TRUE,FALSE)} -> #NAME?
A7: 台北市 | B7: 內湖區 | C7: 獨立套房 | D7: 15000 | E7: 1 | F7: 1 | G7: FALSE | H7: TRUE | I7: TRUE | J7: FALSE | K7: 電梯大樓 | L7: 10 | M7: 6 | N7: 12 | O7: TRUE | P7: TRUE | Q7: TRUE | R7: TRUE | S7: TRUE | T7: TRUE | U7: TRUE | V7: TRUE | W7: TRUE | X7: TRUE | Y7: {=IF((COUNTIF(CSV假資料__3[[#This Row],[HasAC]:[HasWaterHeater]],"FALSE")+COUTIF(CSV假資料__3[[#This Row],[HasInternet]],"FALSE"))=0,TRUE,FALSE)} -> #NAME?
A8: 台北市 | B8: 士林區 | C8: 整層住家 | D8: 32000 | E8: 4 | F8: 2 | G8: TRUE | H8: FALSE | I8: FALSE | J8: FALSE | K8: 透天厝 | L8: 35 | M8: 1 | N8: 3 | O8: TRUE | P8: TRUE | Q8: TRUE | R8: TRUE | S8: TRUE | T8: TRUE | U8: FALSE | V8: TRUE | W8: FALSE | X8: TRUE | Y8: {=IF((COUNTIF(CSV假資料__3[[#This Row],[HasAC]:[HasWaterHeater]],"FALSE")+COUTIF(CSV假資料__3[[#This Row],[HasInternet]],"FALSE"))=0,TRUE,FALSE)} -> #NAME?
A9: 台北市 | B9: 文山區 | C9: 分租套房 | D9: 7500 | E9: 1 | F9: 1 | G9: FALSE | H9: TRUE | I9: FALSE | J9: FALSE | K9: 公寓 | L9: 5.5 | M9: 4 | N9: 5 | O9: TRUE | P9: FALSE | Q9: TRUE | R9: TRUE | S9: TRUE | T9: TRUE | U9: TRUE | V9: FALSE | W9: FALSE | X9: FALSE | Y9: {=IF((COUNTIF(CSV假資料__3[[#This Row],[HasAC]:[HasWaterHeater]],"FALSE")+COUTIF(CSV假資料__3[[#This Row],[HasInternet]],"FALSE"))=0,TRUE,FALSE)} -> #NAME?
A10: 台北市 | B10: 北投區 | C10: 雅房 | D10: 5000 | E10: 1 | F10: 0 | G10: TRUE | H10: FALSE | I10: TRUE | J10: TRUE | K10: 公寓 | L10: 4 | M10: 3 | N10: 4 | O10: FALSE | P10: FALSE | Q10: FALSE | R10: TRUE | S10: TRUE | T10: FALSE | U10: TRUE | V10: FALSE | W10: FALSE | X10: FALSE | Y10: {=IF((COUNTIF(CSV假資料__3[[#This Row],[HasAC]:[HasWaterHeater]],"FALSE")+COUTIF(CSV假資料__3[[#This Row],[HasInternet]],"FALSE"))=0,TRUE,FALSE)} -> #NAME?
A11: 台北市 | B11: 萬華區 | C11: 獨立套房 | D11: 9000 | E11: 1 | F11: 1 | G11: TRUE | H11: TRUE | I11: FALSE | J11: FALSE | K11: 公寓 | L11: 7 | M11: 2 | N11: 5 | O11: TRUE | P11: TRUE | Q11: TRUE | R11: TRUE | S11: TRUE | T11: TRUE | U11: TRUE | V11: FALSE | W11: FALSE | X11: FALSE | Y11: {=IF((COUNTIF(CSV假資料__3[[#This Row],[HasAC]:[HasWaterHeater]],"FALSE")+COUTIF(CSV假資料__3[[#This Row],[HasInternet]],"FALSE"))=0,TRUE,FALSE)} -> #NAME?
A12: 台北市 | B12: 大同區 | C12: 整層住家 | D12: 25000 | E12: 2 | F12: 1 | G12: TRUE | H12: FALSE | I12: TRUE | J12: FALSE | K12: 公寓 | L12: 20 | M12: 3 | N12: 5 | O12: TRUE | P12: TRUE | Q12: TRUE | R12: TRUE | S12: TRUE | T12: TRUE | U12: FALSE | V12: FALSE | W12: FALSE | X12: TRUE | Y12: {=IF((COUNTIF(CSV假資料__3[[#This Row],[HasAC]:[HasWaterHeater]],"FALSE")+COUTIF(CSV假資料__3[[#This Row],[HasInternet]],"FALSE"))=0,TRUE,FALSE)} -> #NAME?
A13: 台北市 | B13: 南港區 | C13: 獨立套房 | D13: 13000 | E13: 1 | F13: 1 | G13: TRUE | H13: TRUE | I13: FALSE | J13: FALSE | K13: 電梯大樓 | L13: 9 | M13: 10 | N13: 15 | O13: TRUE | P13: TRUE | Q13: TRUE | R13: TRUE | S13: TRUE | T13: TRUE | U13: TRUE | V13: FALSE | W13: TRUE | X13: TRUE | Y13: {=IF((COUNTIF(CSV假資料__3[[#This Row],[HasAC]:[HasWaterHeater]],"FALSE")+COUTIF(CSV假資料__3[[#This Row],[HasInternet]],"FALSE"))=0,TRUE,FALSE)} -> #NAME?
... A97: 台北市 | B97: 南港區 | C97: 分租套房 | D97: 9300 | E97: 1 | F97: 1 | G97: TRUE | H97: FALSE | I97: FALSE | J97: TRUE | K97: 公寓 | L97: 7.1 | M97: 4 | N97: 5 | O97: TRUE | P97: FALSE | Q97: TRUE | R97: TRUE | S97: TRUE | T97: TRUE | U97: TRUE | V97: FALSE | W97: FALSE | X97: FALSE | Y97: {=IF((COUNTIF(CSV假資料__3[[#This Row],[HasAC]:[HasWaterHeater]],"FALSE")+COUTIF(CSV假資料__3[[#This Row],[HasInternet]],"FALSE"))=0,TRUE,FALSE)} -> #NAME?

Sheet 工作表6
A3: 平均值 - Rent | B3: 欄標籤
A4: 列標籤 | B4: FALSE | C4: TRUE | D4: 總計
A5: 士林區 | B5: 6500 | C5: 19266.667 | D5: 16075
A6: 大同區 | B6: 6000 | C6: 17266.667 | D6: 14450
A7: 大安區 | B7: 6875 | C7: 29500 | D7: 18187.5
A8: 中山區 | B8: 8300 | C8: 15925 | D8: 12112.5
A9: 中正區 | B9: 5925 | C9: 27875 | D9: 16900
A10: 內湖區 | B10: 8500 | C10: 32642.857 | D10: 29625
A11: 文山區 | B11: 7571.4286 | C11: 9500 | D11: 7812.5
A12: 北投區 | B12: 4683.3333 | C12: 16500 | D12: 7637.5
A13: 松山區 | B13: 8685.7143 | C13: 14000 | D13: 9350
A14: 信義區 | B14: 11000 | C14: 48142.857 | D14: 43500
A15: 南港區 | B15: 8200 | C15: 21500 | D15: 11525
A16: 萬華區 | B16: 7000 | C16: 18428.571 | D16: 17000
A17: 總計 | B17: 7266.6667 | C17: 25615.686 | D17: 17014.583

Sheet 工作表7
A3: 計數 - 是否齊全設備
A4: LocationDistrict | B4: 樓層類別 | C4: 合計 | G4: 列標籤 | H4: 計數 - 是否齊全設備
A5: 士林區 | B5: 1-3層 | C5: 5 | D5: =C5/VLOOKUP(A5,$G:$H,2,0) -> 0.625 | G5: 士林區 | H5: 8
A6: 士林區 | B6: 4-8層 | C6: 3 | D6: =C6/VLOOKUP(A6,$G:$H,2,0) -> 0.375 | G6: 大同區 | H6: 8
A7: 大同區 | B7: 1-3層 | C7: 2 | D7: =C7/VLOOKUP(A7,$G:$H,2,0) -> 0.25 | G7: 大安區 | H7: 8
A8: 大同區 | B8: 4-8層 | C8: 6 | D8: =C8/VLOOKUP(A8,$G:$H,2,0) -> 0.75 | G8: 中山區 | H8: 8
A9: 大安區 | B9: 1-3層 | C9: 2 | D9: =C9/VLOOKUP(A9,$G:$H,2,0) -> 0.25 | G9: 中正區 | H9: 8
A10: 大安區 | B10: 4-8層 | C10: 5 | D10: =C10/VLOOKUP(A10,$G:$H,2,0) -> 0.625 | G10: 內湖區 | H10: 8
A11: 大安區 | B11: 9層以上 | C11: 1 | D11: =C11/VLOOKUP(A11,$G:$H,2,0) -> 0.125 | G11: 文山區 | H11: 8
A12: 中山區 | B12: 1-3層 | C12: 1 | D12: =C12/VLOOKUP(A12,$G:$H,2,0) -> 0.125 | G12: 北投區 | H12: 8
A13: 中山區 | B13: 4-8層 | C13: 4 | D13: =C13/VLOOKUP(A13,$G:$H,2,0) -> 0.5 | G13: 松山區 | H13: 8
A14: 中山區 | B14: 9層以上 | C14: 3 | D14: =C14/VLOOKUP(A14,$G:$H,2,0) -> 0.375 | G14: 信義區 | H14: 8
A15: 中正區 | B15: 1-3層 | C15: 4 | D15: =C15/VLOOKUP(A15,$G:$H,2,0) -> 0.5 | G15: 南港區 | H15: 8
A16: 中正區 | B16: 4-8層 | C16: 2 | D16: =C16/VLOOKUP(A16,$G:$H,2,0) -> 0.25 | G16: 萬華區 | H16: 8
A17: 中正區 | B17: 9層以上 | C17: 2 | D17: =C17/VLOOKUP(A17,$G:$H,2,0) -> 0.25 | G17: 總計 | H17: 96
A18: 內湖區 | B18: 1-3層 | C18: 1 | D18: =C18/VLOOKUP(A18,$G:$H,2,0) -> 0.125
A19: 內湖區 | B19: 4-8層 | C19: 6 | D19: =C19/VLOOKUP(A19,$G:$H,2,0) -> 0.75
A20: 內湖區 | B20: 9層以上 | C20: 1 | D20: =C20/VLOOKUP(A20,$G:$H,2,0) -> 0.125
A21: 文山區 | B21: 1-3層 | C21: 4 | D21: =C21/VLOOKUP(A21,$G:$H,2,0) -> 0.5
A22: 文山區 | B22: 4-8層 | C22: 4 | D22: =C22/VLOOKUP(A22,$G:$H,2,0) -> 0.5
A23: 北投區 | B23: 1-3層 | C23: 8 | D23: =C23/VLOOKUP(A23,$G:$H,2,0) -> 1
A24: 松山區 | B24: 1-3層 | C24: 3 | D24: =C24/VLOOKUP(A24,$G:$H,2,0) -> 0.375
A25: 松山區 | B25: 4-8層 | C25: 4 | D25: =C25/VLOOKUP(A25,$G:$H,2,0) -> 0.5
A26: 松山區 | B26: 9層以上 | C26: 1 | D26: =C26/VLOOKUP(A26,$G:$H,2,0) -> 0.125
A27: 信義區 | B27: 1-3層 | C27: 1 | D27: =C27/VLOOKUP(A27,$G:$H,2,0) -> 0.125
A28: 信義區 | B28: 4-8層 | C28: 2 | D28: =C28/VLOOKUP(A28,$G:$H,2,0) -> 0.25
A29: 信義區 | B29: 9層以上 | C29: 5 | D29: =C29/VLOOKUP(A29,$G:$H,2,0) -> 0.625
... A33: 萬華區 | B33: 1-3層 | C33: 8 | D33: =C33/VLOOKUP(A33,$G:$H,2,0) -> 1
A34: 總計 | C34: 96

Sheet 工作表9
A3: 平均值 - Rent | B3: 欄標籤
A4: 列標籤 | B4: FALSE | C4: TRUE | D4: 總計 | E4: dif
A5: 信義區 | B5: 11000 | C5: 48142.857 | D5: 43500 | E5: =ABS(C5-B5) -> 37142.857
A6: 內湖區 | B6: 10500 | C6: 36000 | D6: 29625 | E6: =ABS(C6-B6) -> 25500
A7: 中正區 | B7: 7440 | C7: 32666.667 | D7: 16900 | E7: =ABS(C7-B7) -> 25226.667
A8: 大安區 | B8: 18187.5 | D8: 18187.5 | E8: =ABS(C8-B8) -> 18187.5
A9: 士林區 | B9: 14371.429 | C9: 28000 | D9: 16075 | E9: =ABS(C9-B9) -> 13628.571
A10: 南港區 | B10: 9483.3333 | C10: 17650 | D10: 11525 | E10: =ABS(C10-B10) -> 8166.6667
A11: 萬華區 | B11: 17928.571 | C11: 10500 | D11: 17000 | E11: =ABS(C11-B11) -> 7428.5714
A12: 大同區 | B12: 12320 | C12: 18000 | D12: 14450 | E12: =ABS(C12-B12) -> 5680
A13: 中山區 | B13: 10700 | C13: 16350 | D13: 12112.5 | E13: =ABS(C13-B13) -> 5650
A14: 北投區 | B14: 8975 | C14: 6300 | D14: 7637.5 | E14: =ABS(C14-B14) -> 2675
A15: 松山區 | B15: 8500 | C15: 10200 | D15: 9350 | E15: =ABS(C15-B15) -> 1700
A16: 文山區 | B16: 7340 | C16: 8600 | D16: 7812.5 | E16: =ABS(C16-B16) -> 1260
A17: 總計 | B17: 12168.333 | C17: 25091.667 | D17: 17014.583

Sheet 工作表10
A3: 平均值 - Rent | B3: 欄標籤
A4: 列標籤 | B4: FALSE | C4: TRUE | D4: 總計 | E4: DIFF-FALSE | F4: DIFF-TRUE
A5: 士林區 | B5: 18600 | C5: 15233.333 | D5: 16075 | E5: =(B5-$D5)/$D5 -> 0.15707621 | F5: =(C5-$D5)/$D5 -> -0.052358735 | H5: 列標籤 | I5: 平均值 - Rent
A6: 大同區 | C6: 14450 | D6: 14450 | E6: =(B6-$D6)/$D6 -> -1 | F6: =(C6-$D6)/$D6 -> 0 | H6: 士林區 | I6: 16075
A7: 大安區 | C7: 18187.5 | D7: 18187.5 | E7: =(B7-$D7)/$D7 -> -1 | F7: =(C7-$D7)/$D7 -> 0 | H7: 大同區 | I7: 14450
A8: 中山區 | C8: 12112.5 | D8: 12112.5 | E8: =(B8-$D8)/$D8 -> -1 | F8: =(C8-$D8)/$D8 -> 0 | H8: 大安區 | I8: 18187.5
A9: 中正區 | C9: 16900 | D9: 16900 | E9: =(B9-$D9)/$D9 -> -1 | F9: =(C9-$D9)/$D9 -> 0 | H9: 中山區 | I9: 12112.5
A10: 內湖區 | B10: 29625 | D10: 29625 | E10: =(B10-$D10)/$D10 -> 0 | F10: =(C10-$D10)/$D10 -> -1 | H10: 中正區 | I10: 16900
A11: 文山區 | B11: 7812.5 | D11: 7812.5 | E11: =(B11-$D11)/$D11 -> 0 | F11: =(C11-$D11)/$D11 -> -1 | H11: 內湖區 | I11: 29625
A12: 北投區 | C12: 7637.5 | D12: 7637.5 | E12: =(B12-$D12)/$D12 -> -1 | F12: =(C12-$D12)/$D12 -> 0 | H12: 文山區 | I12: 7812.5
A13: 松山區 | B13: 5650 | C13: 10583.333 | D13: 9350 | E13: =(B13-$D13)/$D13 -> -0.39572193 | F13: =(C13-$D13)/$D13 -> 0.13190731 | H13: 北投區 | I13: 7637.5
A14: 信義區 | C14: 43500 | D14: 43500 | E14: =(B14-$D14)/$D14 -> -1 | F14: =(C14-$D14)/$D14 -> 0 | H14: 松山區 | I14: 9350
A15: 南港區 | B15: 5300 | C15: 12414.286 | D15: 11525 | E15: =(B15-$D15)/$D15 -> -0.54013015 | F15: =(C15-$D15)/$D15 -> 0.07716145 | H15: 信義區 | I15: 43500
A16: 萬華區 | C16: 17000 | D16: 17000 | E16: =(B16-$D16)/$D16 -> -1 | F16: =(C16-$D16)/$D16 -> 0 | H16: 南港區 | I16: 11525
A17: 總計 | B17: 16823.81 | C17: 17068 | D17: 17014.583 | H17: 萬華區 | I17: 17000
H18: 總計 | I18: 17014.583

Sheet 各行政區平均值
A3: 列標籤 | B3: 平均值 - Rent | C3: 平均值的1.5倍
A4: 士林區 | B4: 16075 | C4: =B4*1.5 -> 24112.5
A5: 大同區 | B5: 14450 | C5: =B5*1.5 -> 21675
A6: 大安區 | B6: 18187.5 | C6: =B6*1.5 -> 27281.25
A7: 中山區 | B7: 12112.5 | C7: =B7*1.5 -> 18168.75
A8: 中正區 | B8: 16900 | C8: =B8*1.5 -> 25350
A9: 內湖區 | B9: 29625 | C9: =B9*1.5 -> 44437.5
A10: 文山區 | B10: 7812.5 | C10: =B10*1.5 -> 11718.75
A11: 北投區 | B11: 7637.5 | C11: =B11*1.5 -> 11456.25
A12: 松山區 | B12: 9350 | C12: =B12*1.5 -> 14025
A13: 信義區 | B13: 43500 | C13: =B13*1.5 -> 65250
A14: 南港區 | B14: 11525 | C14: =B14*1.5 -> 17287.5
A15: 萬華區 | B15: 17000 | C15: =B15*1.5 -> 25500
A16: 總計 | B16: 17014.583

Sheet Q10
A2: 是否大於1.5 | B2: TRUE | F2: 10. 高價房源特徵分析 | G2: TRUE
A4: 列標籤 | B4: 計數 - 是否大於1.5 | F4: 列標籤 | G4: 計數 - 10. 高價房源特徵分析
A5: 士林區 | B5: 2 | C5: =IFERROR(VLOOKUP($A5,$F:$G,2,0),0) -> 0 | D5: =C5/B5 -> 0 | F5: 大安區 | G5: 1
A6: 大同區 | B6: 2 | C6: =IFERROR(VLOOKUP($A6,$F:$G,2,0),0) -> 0 | D6: =C6/B6 -> 0 | F6: 中正區 | G6: 3
A7: 大安區 | B7: 2 | C7: =IFERROR(VLOOKUP($A7,$F:$G,2,0),0) -> 1 | D7: =C7/B7 -> 0.5 | F7: 內湖區 | G7: 1
A8: 中正區 | B8: 3 | C8: =IFERROR(VLOOKUP($A8,$F:$G,2,0),0) -> 3 | D8: =C8/B8 -> 1 | F8: 信義區 | G8: 1
A9: 內湖區 | B9: 1 | C9: =IFERROR(VLOOKUP($A9,$F:$G,2,0),0) -> 1 | D9: =C9/B9 -> 1 | F9: 南港區 | G9: 1
A10: 北投區 | B10: 1 | C10: =IFERROR(VLOOKUP($A10,$F:$G,2,0),0) -> 0 | D10: =C10/B10 -> 0 | F10: 總計 | G10: 7
A11: 信義區 | B11: 1 | C11: =IFERROR(VLOOKUP($A11,$F:$G,2,0),0) -> 1 | D11: =C11/B11 -> 1
A12: 南港區 | B12: 1 | C12: =IFERROR(VLOOKUP($A12,$F:$G,2,0),0) -> 1 | D12: =C12/B12 -> 1
A13: 萬華區 | B13: 1 | C13: =IFERROR(VLOOKUP($A13,$F:$G,2,0),0) -> 0 | D13: =C13/B13 -> 0
A14: 總計 | B14: 14

Sheet 工作表1
H2: 列標籤 | I2: Rent
A3: 列標籤 | B3: 平均值 - Rent | C3: 標準差 - Rent2 | H3: 士林區 | I3: 5200 | J3: =IF(I3>=VLOOKUP(H3,$A:$D,4,0),"V","")
A4: 士林區 | B4: 16075 | C4: 9348.9113 | D4: =B4+C4*2 -> 34772.823 | H4: 士林區 | I4: 7800 | J4: =IF(I4>=VLOOKUP(H4,$A:$D,4,0),"V","")
A5: 大同區 | B5: 14450 | C5: 6901.5526 | D5: =B5+C5*2 -> 28253.105 | H5: 士林區 | I5: 11500 | J5: =IF(I5>=VLOOKUP(H5,$A:$D,4,0),"V","")
A6: 大安區 | B6: 18187.5 | C6: 16948.952 | D6: =B6+C6*2 -> 52085.403 | H6: 士林區 | I6: 13500 | J6: =IF(I6>=VLOOKUP(H6,$A:$D,4,0),"V","")
A7: 中山區 | B7: 12112.5 | C7: 4301.6401 | D7: =B7+C7*2 -> 20715.78 | H7: 士林區 | I7: 14800 | J7: =IF(I7>=VLOOKUP(H7,$A:$D,4,0),"V","")
A8: 中正區 | B8: 16900 | C8: 13576.45 | D8: =B8+C8*2 -> 44052.9 | H8: 士林區 | I8: 15800 | J8: =IF(I8>=VLOOKUP(H8,$A:$D,4,0),"V","")
A9: 內湖區 | B9: 29625 | C9: 15387.263 | D9: =B9+C9*2 -> 60399.526 | H9: 士林區 | I9: 28000 | J9: =IF(I9>=VLOOKUP(H9,$A:$D,4,0),"V","")
A10: 文山區 | B10: 7812.5 | C10: 1258.6132 | D10: =B10+C10*2 -> 10329.726 | H10: 士林區 | I10: 32000 | J10: =IF(I10>=VLOOKUP(H10,$A:$D,4,0),"V","")
A11: 北投區 | B11: 7637.5 | C11: 6213.1054 | D11: =B11+C11*2 -> 20063.711 | H11: 大同區 | I11: 4800 | J11: =IF(I11>=VLOOKUP(H11,$A:$D,4,0),"V","")
A12: 松山區 | B12: 9350 | C12: 3160.4701 | D12: =B12+C12*2 -> 15670.94 | H12: 大同區 | I12: 7200 | J12: =IF(I12>=VLOOKUP(H12,$A:$D,4,0),"V","")
A13: 信義區 | B13: 43500 | C13: 20901.128 | D13: =B13+C13*2 -> 85302.256 | H13: 大同區 | I13: 12800 | J13: =IF(I13>=VLOOKUP(H13,$A:$D,4,0),"V","")
A14: 南港區 | B14: 11525 | C14: 7752.5572 | D14: =B14+C14*2 -> 27030.114 | H14: 大同區 | I14: 13800 | J14: =IF(I14>=VLOOKUP(H14,$A:$D,4,0),"V","")
A15: 萬華區 | B15: 17000 | C15: 7353.3277 | D15: =B15+C15*2 -> 31706.655 | H15: 大同區 | I15: 14200 | J15: =IF(I15>=VLOOKUP(H15,$A:$D,4,0),"V","")
A16: 總計 | B16: 17014.583 | C16: 14319.894 | H16: 大同區 | I16: 14800 | J16: =IF(I16>=VLOOKUP(H16,$A:$D,4,0),"V","")
H17: 大同區 | I17: 23000 | J17: =IF(I17>=VLOOKUP(H17,$A:$D,4,0),"V","")
H18: 大同區 | I18: 25000 | J18: =IF(I18>=VLOOKUP(H18,$A:$D,4,0),"V","")
H19: 大安區 | I19: 6700 | J19: =IF(I19>=VLOOKUP(H19,$A:$D,4,0),"V","")
H20: 大安區 | I20: 6800 | J20: =IF(I20>=VLOOKUP(H20,$A:$D,4,0),"V","")
H21: 大安區 | I21: 6900 | J21: =IF(I21>=VLOOKUP(H21,$A:$D,4,0),"V","")
H22: 大安區 | I22: 7100 | J22: =IF(I22>=VLOOKUP(H22,$A:$D,4,0),"V","")
H23: 大安區 | I23: 12000 | J23: =IF(I23>=VLOOKUP(H23,$A:$D,4,0),"V","")
H24: 大安區 | I24: 16000 | J24: =IF(I24>=VLOOKUP(H24,$A:$D,4,0),"V","")
H25: 大安區 | I25: 42000 | J25: =IF(I25>=VLOOKUP(H25,$A:$D,4,0),"V","")
H26: 大安區 | I26: 48000 | J26: =IF(I26>=VLOOKUP(H26,$A:$D,4,0),"V","")
H27: 中山區 | I27: 6000 | J27: =IF(I27>=VLOOKUP(H27,$A:$D,4,0),"V","")
H28: 中山區 | I28: 8000 | J28: =IF(I28>=VLOOKUP(H28,$A:$D,4,0),"V","")
... H98: 萬華區 | I98: 27000 | J98: =IF(I98>=VLOOKUP(H98,$A:$D,4,0),"V","")
H99: 總計 | J99: =IF(I99>=VLOOKUP(H99,$A:$D,4,0),"V","") -> V

Sheet 工作表2
A3: 計數 - HasParking | B3: 欄標籤
A4: 列標籤 | B4: FALSE | C4: TRUE | D4: 總計
A5: 士林區 | B5: 6 | C5: 2 | D5: 8
A6: 大同區 | B6: 8 | D6: 8
A7: 大安區 | B7: 7 | C7: 1 | D7: 8
A8: 中山區 | B8: 8 | D8: 8
A9: 中正區 | B9: 5 | C9: 3 | D9: 8
A10: 內湖區 | B10: 2 | C10: 6 | D10: 8
A11: 文山區 | B11: 8 | D11: 8
A12: 北投區 | B12: 8 | D12: 8
A13: 松山區 | B13: 8 | D13: 8
A14: 信義區 | B14: 3 | C14: 5 | D14: 8
A15: 南港區 | B15: 7 | C15: 1 | D15: 8
A16: 萬華區 | B16: 8 | D16: 8
A17: 總計 | B17: 78 | C17: 18 | D17: 96

Sheet 工作表4
A1: LocationCity | B1: LocationDistrict | C1: Type | D1: Rent | E1: Rooms | F1: Bathrooms | G1: IsNearMRT | H1: IsNewlyListed | I1: AllowsPets | J1: ShortTermRent | K1: BuildingType | L1: SizePing | M1: Floor | N1: TotalFloors | O1: HasAC | P1: HasWasher | Q1: HasFridge | R1: HasWaterHeater | S1: HasGas | T1: HasInternet | U1: HasBed | V1: HasParking | W1: HasElevator | X1: HasBalcony | Y1: 是否齊全設備 | Z1: 樓層類別 | AA1: 擁有陽台、車位、電梯 | AB1: 是否大於1.5 | AC1: 10. 高價房源特徵分析
A2: 台北市 | B2: 大安區 | C2: 獨立套房 | D2: 12000 | E2: 1 | F2: 1 | G2: TRUE | H2: TRUE | I2: FALSE | J2: FALSE | K2: 電梯大樓 | L2: 8.5 | M2: 5 | N2: 12 | O2: TRUE | P2: TRUE | Q2: TRUE | R2: TRUE | S2: TRUE | T2: TRUE | U2: TRUE | V2: FALSE | W2: TRUE | X2: TRUE | Y2: =IF((COUNTIF($O2:$R2,"FALSE")+COUNTIF($T2,"FALSE"))=0,TRUE,FALSE) -> TRUE | Z2: =IF($M2<4,"1-3層",IF($M2<9,"4-8層","9層以上")) -> 4-8層 | AA2: =IF(COUNTIF($V2:$X2,FALSE)=0,TRUE,FALSE) -> FALSE | AB2: =IF($D2>=VLOOKUP($B2,各行政區平均值!$A:$B,2,0)*1.5,TRUE,FALSE) -> FALSE | AC2: =IF($AB2=TRUE,IF($AA2=TRUE,TRUE,FALSE),FALSE) -> FALSE
A3: 台北市 | B3: 信義區 | C3: 整層住家 | D3: 35000 | E3: 3 | F3: 2 | G3: TRUE | H3: FALSE | I3: TRUE | J3: FALSE | K3: 公寓 | L3: 28 | M3: 3 | N3: 5 | O3: TRUE | P3: TRUE | Q3: TRUE | R3: TRUE | S3: TRUE | T3: TRUE | U3: FALSE | V3: FALSE | W3: FALSE | X3: TRUE | Y3: =IF((COUNTIF($O3:$R3,"FALSE")+COUNTIF($T3,"FALSE"))=0,TRUE,FALSE) -> TRUE | Z3: =IF($M3<4,"1-3層",IF($M3<9,"4-8層","9層以上")) -> 1-3層 | AA3: =IF(COUNTIF($V3:$X3,FALSE)=0,TRUE,FALSE) -> FALSE | AB3: =IF($D3>=VLOOKUP($B3,各行政區平均值!$A:$B,2,0)*1.5,TRUE,FALSE) -> FALSE | AC3: =IF($AB3=TRUE,IF($AA3=TRUE,TRUE,FALSE),FALSE) -> FALSE
A4: 台北市 | B4: 中山區 | C4: 分租套房 | D4: 8000 | E4: 1 | F4: 1 | G4: TRUE | H4: FALSE | I4: FALSE | J4: TRUE | K4: 電梯大樓 | L4: 6 | M4: 7 | N4: 10 | O4: TRUE | P4: FALSE | Q4: TRUE | R4: TRUE | S4: FALSE | T4: TRUE | U4: TRUE | V4: FALSE | W4: TRUE | X4: FALSE | Y4: =IF((COUNTIF($O4:$R4,"FALSE")+COUNTIF($T4,"FALSE"))=0,TRUE,FALSE) -> FALSE | Z4: =IF($M4<4,"1-3層",IF($M4<9,"4-8層","9層以上")) -> 4-8層 | AA4: =IF(COUNTIF($V4:$X4,FALSE)=0,TRUE,FALSE) -> FALSE | AB4: =IF($D4>=VLOOKUP($B4,各行政區平均值!$A:$B,2,0)*1.5,TRUE,FALSE) -> FALSE | AC4: =IF($AB4=TRUE,IF($AA4=TRUE,TRUE,FALSE),FALSE) -> FALSE
A5: 台北市 | B5: 松山區 | C5: 雅房 | D5: 5500 | E5: 1 | F5: 0 | G5: FALSE | H5: TRUE | I5: FALSE | J5: FALSE | K5: 公寓 | L5: 4.5 | M5: 2 | N5: 4 | O5: TRUE | P5: FALSE | Q5: FALSE | R5: TRUE | S5: TRUE | T5: TRUE | U5: TRUE | V5: FALSE | W5: FALSE | X5: FALSE | Y5: =IF((COUNTIF($O5:$R5,"FALSE")+COUNTIF($T5,"FALSE"))=0,TRUE,FALSE) -> FALSE | Z5: =IF($M5<4,"1-3層",IF($M5<9,"4-8層","9層以上")) -> 1-3層 | AA5: =IF(COUNTIF($V5:$X5,FALSE)=0,TRUE,FALSE) -> FALSE | AB5: =IF($D5>=VLOOKUP($B5,各行政區平均值!$A:$B,2,0)*1.5,TRUE,FALSE) -> FALSE | AC5: =IF($AB5=TRUE,IF($AA5=TRUE,TRUE,FALSE),FALSE) -> FALSE
A6: 台北市 | B6: 中正區 | C6: 整層住家 | D6: 28000 | E6: 2 | F6: 1 | G6: TRUE | H6: FALSE | I6: TRUE | J6: FALSE | K6: 電梯大樓 | L6: 18 | M6: 8 | N6: 15 | O6: TRUE | P6: TRUE | Q6: TRUE | R6: TRUE | S6: TRUE | T6: TRUE | U6: FALSE | V6: TRUE | W6: TRUE | X6: TRUE | Y6: =IF((COUNTIF($O6:$R6,"FALSE")+COUNTIF($T6,"FALSE"))=0,TRUE,FALSE) -> TRUE | Z6: =IF($M6<4,"1-3層",IF($M6<9,"4-8層","9層以上")) -> 4-8層 | AA6: =IF(COUNTIF($V6:$X6,FALSE)=0,TRUE,FALSE) -> TRUE | AB6: =IF($D6>=VLOOKUP($B6,各行政區平均值!$A:$B,2,0)*1.5,TRUE,FALSE) -> TRUE | AC6: =IF($AB6=TRUE,IF($AA6=TRUE,TRUE,FALSE),FALSE) -> TRUE
A7: 台北市 | B7: 內湖區 | C7: 獨立套房 | D7: 15000 | E7: 1 | F7: 1 | G7: FALSE | H7: TRUE | I7: TRUE | J7: FALSE | K7: 電梯大樓 | L7: 10 | M7: 6 | N7: 12 | O7: TRUE | P7: TRUE | Q7: TRUE | R7: TRUE | S7: TRUE | T7: TRUE | U7: TRUE | V7: TRUE | W7: TRUE | X7: TRUE | Y7: =IF((COUNTIF($O7:$R7,"FALSE")+COUNTIF($T7,"FALSE"))=0,TRUE,FALSE) -> TRUE | Z7: =IF($M7<4,"1-3層",IF($M7<9,"4-8層","9層以上")) -> 4-8層 | AA7: =IF(COUNTIF($V7:$X7,FALSE)=0,TRUE,FALSE) -> TRUE | AB7: =IF($D7>=VLOOKUP($B7,各行政區平均值!$A:$B,2,0)*1.5,TRUE,FALSE) -> FALSE | AC7: =IF($AB7=TRUE,IF($AA7=TRUE,TRUE,FALSE),FALSE) -> FALSE
A8: 台北市 | B8: 士林區 | C8: 整層住家 | D8: 32000 | E8: 4 | F8: 2 | G8: FALSE | H8: FALSE | I8: FALSE | J8: FALSE | K8: 透天厝 | L8: 35 | M8: 1 | N8: 3 | O8: TRUE | P8: TRUE | Q8: TRUE | R8: TRUE | S8: TRUE | T8: TRUE | U8: FALSE | V8: TRUE | W8: FALSE | X8: TRUE | Y8: =IF((COUNTIF($O8:$R8,"FALSE")+COUNTIF($T8,"FALSE"))=0,TRUE,FALSE) -> TRUE | Z8: =IF($M8<4,"1-3層",IF($M8<9,"4-8層","9層以上")) -> 1-3層 | AA8: =IF(COUNTIF($V8:$X8,FALSE)=0,TRUE,FALSE) -> FALSE | AB8: =IF($D8>=VLOOKUP($B8,各行政區平均值!$A:$B,2,0)*1.5,TRUE,FALSE) -> TRUE | AC8: =IF($AB8=TRUE,IF($AA8=TRUE,TRUE,FALSE),FALSE) -> FALSE
A9: 台北市 | B9: 文山區 | C9: 分租套房 | D9: 7500 | E9: 1 | F9: 1 | G9: FALSE | H9: TRUE | I9: FALSE | J9: FALSE | K9: 公寓 | L9: 5.5 | M9: 4 | N9: 5 | O9: TRUE | P9: FALSE | Q9: TRUE | R9: TRUE | S9: TRUE | T9: TRUE | U9: TRUE | V9: FALSE | W9: FALSE | X9: FALSE | Y9: =IF((COUNTIF($O9:$R9,"FALSE")+COUNTIF($T9,"FALSE"))=0,TRUE,FALSE) -> FALSE | Z9: =IF($M9<4,"1-3層",IF($M9<9,"4-8層","9層以上")) -> 4-8層 | AA9: =IF(COUNTIF($V9:$X9,FALSE)=0,TRUE,FALSE) -> FALSE | AB9: =IF($D9>=VLOOKUP($B9,各行政區平均值!$A:$B,2,0)*1.5,TRUE,FALSE) -> FALSE | AC9: =IF($AB9=TRUE,IF($AA9=TRUE,TRUE,FALSE),FALSE) -> FALSE
A10: 台北市 | B10: 北投區 | C10: 雅房 | D10: 5000 | E10: 1 | F10: 0 | G10: TRUE | H10: FALSE | I10: TRUE | J10: TRUE | K10: 公寓 | L10: 4 | M10: 3 | N10: 4 | O10: FALSE | P10: FALSE | Q10: FALSE | R10: TRUE | S10: TRUE | T10: FALSE | U10: TRUE | V10: FALSE | W10: FALSE | X10: FALSE | Y10: =IF((COUNTIF($O10:$R10,"FALSE")+COUNTIF($T10,"FALSE"))=0,TRUE,FALSE) -> FALSE | Z10: =IF($M10<4,"1-3層",IF($M10<9,"4-8層","9層以上")) -> 1-3層 | AA10: =IF(COUNTIF($V10:$X10,FALSE)=0,TRUE,FALSE) -> FALSE | AB10: =IF($D10>=VLOOKUP($B10,各行政區平均值!$A:$B,2,0)*1.5,TRUE,FALSE) -> FALSE | AC10: =IF($AB10=TRUE,IF($AA10=TRUE,TRUE,FALSE),FALSE) -> FALSE
A11: 台北市 | B11: 萬華區 | C11: 獨立套房 | D11: 9000 | E11: 1 | F11: 1 | G11: TRUE | H11: TRUE | I11: FALSE | J11: FALSE | K11: 公寓 | L11: 7 | M11: 2 | N11: 5 | O11: TRUE | P11: TRUE | Q11: TRUE | R11: TRUE | S11: TRUE | T11: TRUE | U11: TRUE | V11: FALSE | W11: FALSE | X11: FALSE | Y11: =IF((COUNTIF($O11:$R11,"FALSE")+COUNTIF($T11,"FALSE"))=0,TRUE,FALSE) -> TRUE | Z11: =IF($M11<4,"1-3層",IF($M11<9,"4-8層","9層以上")) -> 1-3層 | AA11: =IF(COUNTIF($V11:$X11,FALSE)=0,TRUE,FALSE) -> FALSE | AB11: =IF($D11>=VLOOKUP($B11,各行政區平均值!$A:$B,2,0)*1.5,TRUE,FALSE) -> FALSE | AC11: =IF($AB11=TRUE,IF($AA11=TRUE,TRUE,FALSE),FALSE) -> FALSE
A12: 台北市 | B12: 大同區 | C12: 整層住家 | D12: 25000 | E12: 2 | F12: 1 | G12: TRUE | H12: FALSE | I12: TRUE | J12: FALSE | K12: 公寓 | L12: 20 | M12: 3 | N12: 5 | O12: TRUE | P12: TRUE | Q12: TRUE | R12: TRUE | S12: TRUE | T12: TRUE | U12: FALSE | V12: FALSE | W12: FALSE | X12: TRUE | Y12: =IF((COUNTIF($O12:$R12,"FALSE")+COUNTIF($T12,"FALSE"))=0,TRUE,FALSE) -> TRUE | Z12: =IF($M12<4,"1-3層",IF($M12<9,"4-8層","9層以上")) -> 1-3層 | AA12: =IF(COUNTIF($V12:$X12,FALSE)=0,TRUE,FALSE) -> FALSE | AB12: =IF($D12>=VLOOKUP($B12,各行政區平均值!$A:$B,2,0)*1.5,TRUE,FALSE) -> TRUE | AC12: =IF($AB12=TRUE,IF($AA12=TRUE,TRUE,FALSE),FALSE) -> FALSE
A13: 台北市 | B13: 南港區 | C13: 獨立套房 | D13: 13000 | E13: 1 | F13: 1 | G13: TRUE | H13: TRUE | I13: FALSE | J13: FALSE | K13: 電梯大樓 | L13: 9 | M13: 10 | N13: 15 | O13: TRUE | P13: TRUE | Q13: TRUE | R13: TRUE | S13: TRUE | T13: TRUE | U13: TRUE | V13: FALSE | W13: TRUE | X13: TRUE | Y13: =IF((COUNTIF($O13:$R13,"FALSE")+COUNTIF($T13,"FALSE"))=0,TRUE,FALSE) -> TRUE | Z13: =IF($M13<4,"1-3層",IF($M13<9,"4-8層","9層以上")) -> 9層以上 | AA13: =IF(COUNTIF($V13:$X13,FALSE)=0,TRUE,FALSE) -> FALSE | AB13: =IF($D13>=VLOOKUP($B13,各行政區平均值!$A:$B,2,0)*1.5,TRUE,FALSE) -> FALSE | AC13: =IF($AB13=TRUE,IF($AA13=TRUE,TRUE,FALSE),FALSE) -> FALSE
... A97: 台北市 | B97: 南港區 | C97: 分租套房 | D97: 9300 | E97: 1 | F97: 1 | G97: TRUE | H97: FALSE | I97: FALSE | J97: TRUE | K97: 公寓 | L97: 7.1 | M97: 4 | N97: 5 | O97: TRUE | P97: FALSE | Q97: TRUE | R97: TRUE | S97: TRUE | T97: TRUE | U97: TRUE | V97: FALSE | W97: FALSE | X97: FALSE | Y97: =IF((COUNTIF($O97:$R97,"FALSE")+COUNTIF($T97,"FALSE"))=0,TRUE,FALSE) -> FALSE | Z97: =IF($M97<4,"1-3層",IF($M97<9,"4-8層","9層以上")) -> 4-8層 | AA97: =IF(COUNTIF($V97:$X97,FALSE)=0,TRUE,FALSE) -> FALSE | AB97: =IF($D97>=VLOOKUP($B97,各行政區平均值!$A:$B,2,0)*1.5,TRUE,FALSE) -> FALSE | AC97: =IF($AB97=TRUE,IF($AA97=TRUE,TRUE,FALSE),FALSE) -> FALSE
